Workbook

Sheet Dashboard
B1: 📊 Habit Dashboard — Monthly Overview
B3: Habits Tracked | E3: Sleep Target | H3: Weekly Score | K3: Streak Goal
B4: 14 | E4: 10:30 PM | H4: See Rollup → | K4: Track daily!
B7: Habit Completion — Weekly % (paste from Monthly Rollup)
B8: Habit | C8: Wk 1 | D8: Wk 2 | E8: Wk 3 | F8: Wk 4 | G8: Wk 5 | H8: Avg % | I8: vs Target
B9: Wake up time logged | C9: ='Monthly Rollup'!D5 -> 0 | D9: ='Monthly Rollup'!E5 -> 0 | E9: ='Monthly Rollup'!F5 -> 0 | F9: ='Monthly Rollup'!G5 -> 0 | G9: ='Monthly Rollup'!H5 | H9: ='Monthly Rollup'!H5 | I9: ='Monthly Rollup'!J5
B10: Drink lemon water | C10: ='Monthly Rollup'!D6 -> 0 | D10: ='Monthly Rollup'!E6 -> 0 | E10: ='Monthly Rollup'!F6 -> 0 | F10: ='Monthly Rollup'!G6 -> 0 | G10: ='Monthly Rollup'!H6 | H10: ='Monthly Rollup'!H6 | I10: ='Monthly Rollup'!J6
B11: Eat methi | C11: ='Monthly Rollup'!D7 -> 0 | D11: ='Monthly Rollup'!E7 -> 0 | E11: ='Monthly Rollup'!F7 -> 0 | F11: ='Monthly Rollup'!G7 -> 0 | G11: ='Monthly Rollup'!H7 | H11: ='Monthly Rollup'!H7 | I11: ='Monthly Rollup'!J7
B12: Morning walk / workout | C12: ='Monthly Rollup'!D9 -> 0 | D12: ='Monthly Rollup'!E9 -> 0 | E12: ='Monthly Rollup'!F9 -> 0 | F12: ='Monthly Rollup'!G9 -> 0 | G12: ='Monthly Rollup'!H9 | H12: ='Monthly Rollup'!H9 | I12: ='Monthly Rollup'!J9
B13: Eating nuts | C13: ='Monthly Rollup'!D14 -> 0 | D13: ='Monthly Rollup'!E14 -> 0 | E13: ='Monthly Rollup'!F14 -> 0 | F13: ='Monthly Rollup'!G14 -> 0 | G13: ='Monthly Rollup'!H14 | H13: ='Monthly Rollup'!H14 | I13: ='Monthly Rollup'!J14
B14: Drink 3L water | C14: ='Monthly Rollup'!D15 -> 0 | D14: ='Monthly Rollup'!E15 -> 0 | E14: ='Monthly Rollup'!F15 -> 0 | F14: ='Monthly Rollup'!G15 -> 0 | G14: ='Monthly Rollup'!H15 | H14: ='Monthly Rollup'!H15 | I14: ='Monthly Rollup'!J15
B15: Writing | C15: ='Monthly Rollup'!D17 -> 0 | D15: ='Monthly Rollup'!E17 -> 0 | E15: ='Monthly Rollup'!F17 -> 0 | F15: ='Monthly Rollup'!G17 -> 0 | G15: ='Monthly Rollup'!H17 | H15: ='Monthly Rollup'!H17 | I15: ='Monthly Rollup'!J17
B16: Meditation / mindfulness | C16: ='Monthly Rollup'!D18 -> 0 | D16: ='Monthly Rollup'!E18 -> 0 | E16: ='Monthly Rollup'!F18 -> 0 | F16: ='Monthly Rollup'!G18 -> 0 | G16: ='Monthly Rollup'!H18 | H16: ='Monthly Rollup'!H18 | I16: ='Monthly Rollup'!J18
B17: Read 10 pages | C17: ='Monthly Rollup'!D19 -> 0 | D17: ='Monthly Rollup'!E19 -> 0 | E17: ='Monthly Rollup'!F19 -> 0 | F17: ='Monthly Rollup'!G19 -> 0 | G17: ='Monthly Rollup'!H19 | H17: ='Monthly Rollup'!H19 | I17: ='Monthly Rollup'!J19
B18: Learning / skill improvement | C18: ='Monthly Rollup'!D20 -> 0 | D18: ='Monthly Rollup'!E20 -> 0 | E18: ='Monthly Rollup'!F20 -> 0 | F18: ='Monthly Rollup'!G20 -> 0 | G18: ='Monthly Rollup'!H20 | H18: ='Monthly Rollup'!H20 | I18: ='Monthly Rollup'!J20
B19: Slept on time (% days) | C19: ='Monthly Rollup'!D22 -> 0 | D19: ='Monthly Rollup'!E22 -> 0 | E19: ='Monthly Rollup'!F22 -> 0 | F19: ='Monthly Rollup'!G22 -> 0 | G19: ='Monthly Rollup'!H22 | H19: ='Monthly Rollup'!H22 | I19: ='Monthly Rollup'!J22
B21: Fitness Numbers & Sleep — Monthly Averages
B22: Metric | C22: Wk 1 | D22: Wk 2 | E22: Wk 3 | F22: Wk 4 | G22: Wk 5 | H22: Monthly Avg
B23: Push ups (avg reps) | C23: ='Monthly Rollup'!D10 -> 0 | D23: ='Monthly Rollup'!E10 -> 0 | E23: ='Monthly Rollup'!F10 -> 0 | F23: ='Monthly Rollup'!G10 -> 0 | G23: ='Monthly Rollup'!H10 | H23: ='Monthly Rollup'!H10
B24: Squats (avg reps) | C24: ='Monthly Rollup'!D11 -> 0 | D24: ='Monthly Rollup'!E11 -> 0 | E24: ='Monthly Rollup'!F11 -> 0 | F24: ='Monthly Rollup'!G11 -> 0 | G24: ='Monthly Rollup'!H11 | H24: ='Monthly Rollup'!H11
B25: Plank (avg seconds) | C25: ='Monthly Rollup'!D12 -> 0 | D25: ='Monthly Rollup'!E12 -> 0 | E25: ='Monthly Rollup'!F12 -> 0 | F25: ='Monthly Rollup'!G12 -> 0 | G25: ='Monthly Rollup'!H12 | H25: ='Monthly Rollup'!H12
B26: Avg mins late past 10:30 PM | C26: ='Monthly Rollup'!D23 -> 0 | D26: ='Monthly Rollup'!E23 -> 0 | E26: ='Monthly Rollup'!F23 -> 0 | F26: ='Monthly Rollup'!G23 -> 0 | G26: ='Monthly Rollup'!H23 | H26: ='Monthly Rollup'!H23
B28: How to use: 1️⃣ Fill 'Weekly Log' each day → 2️⃣ Log sleep in 'Sleep Tracker' for detailed analysis → 3️⃣ Copy weekly % to 'Monthly Rollup' → 4️⃣ This Dashboard auto-refreshes from Rollup

Sheet Weekly Log
B1: 🌿 Daily Habit Tracker — Weekly Log
B2: Week starting → | D2: 46167
C3: Mon | D3: Tue | E3: Wed | F3: Thu | G3: Fri | H3: Sat | I3: Sun | J3: Notes
B4: Date | C4: =$D$2+0 -> 46167 | D4: =$D$2+1 -> 46168 | E4: =$D$2+2 -> 46169 | F4: =$D$2+3 -> 46170 | G4: =$D$2+4 -> 46171 | H4: =$D$2+5 -> 46172 | I4: =$D$2+6 -> 46173
B5: ▸ MORNING
B6: Wake up early | J6: e.g. 06:30
B7: Drink lemon water | J7: Y / N
B8: Eat methi | J8: Y / N
B9: ▸ FITNESS
B10: Morning walk / workout | J10: Y / N
B11: Push ups | J11: enter count
B12: Squats | J12: enter count
B13: Plank | J13: enter count
B14: ▸ NUTRITION
B15: Eating nuts | J15: Y / N
B16: Drink 3L water | J16: Y / N
B17: ▸ MIND
B18: Writing | J18: Y / N
B19: Meditation / mindfulness | J19: Y / N
B20: Read 10 pages | J20: Y / N
B21: Learning / skill improvement | J21: Y / N
B22: ▸ EVENING
B23: Sleep time (actual) | J23: e.g. 22:15 or 00:45
B24: ✅ Daily Score (%) | C24: =IFERROR(ROUND((IF(OR(UPPER(C7)="Y"),1,0)+IF(OR(UPPER(C8)="Y"),1,0)+IF(OR(UPPER(C10)="Y"),1,0)+IF(OR(UPPER(C15)="Y"),1,0)+IF(OR(UPPER(C16)="Y"),1,0)+IF(OR(UPPER(C18)="Y"),1,0)+IF(OR(UPPER(C19)="Y"),1,0)+IF(OR(UPPER(C20)="Y"),1,0)+IF(OR(UPPER(C21)="Y"),1,0))/9*100,0),0) -> 0 | D24: =IFERROR(ROUND((IF(OR(UPPER(D7)="Y"),1,0)+IF(OR(UPPER(D8)="Y"),1,0)+IF(OR(UPPER(D10)="Y"),1,0)+IF(OR(UPPER(D15)="Y"),1,0)+IF(OR(UPPER(D16)="Y"),1,0)+IF(OR(UPPER(D18)="Y"),1,0)+IF(OR(UPPER(D19)="Y"),1,0)+IF(OR(UPPER(D20)="Y"),1,0)+IF(OR(UPPER(D21)="Y"),1,0))/9*100,0),0) -> 0 | E24: =IFERROR(ROUND((IF(OR(UPPER(E7)="Y"),1,0)+IF(OR(UPPER(E8)="Y"),1,0)+IF(OR(UPPER(E10)="Y"),1,0)+IF(OR(UPPER(E15)="Y"),1,0)+IF(OR(UPPER(E16)="Y"),1,0)+IF(OR(UPPER(E18)="Y"),1,0)+IF(OR(UPPER(E19)="Y"),1,0)+IF(OR(UPPER(E20)="Y"),1,0)+IF(OR(UPPER(E21)="Y"),1,0))/9*100,0),0) -> 0 | F24: =IFERROR(ROUND((IF(OR(UPPER(F7)="Y"),1,0)+IF(OR(UPPER(F8)="Y"),1,0)+IF(OR(UPPER(F10)="Y"),1,0)+IF(OR(UPPER(F15)="Y"),1,0)+IF(OR(UPPER(F16)="Y"),1,0)+IF(OR(UPPER(F18)="Y"),1,0)+IF(OR(UPPER(F19)="Y"),1,0)+IF(OR(UPPER(F20)="Y"),1,0)+IF(OR(UPPER(F21)="Y"),1,0))/9*100,0),0) -> 0 | G24: =IFERROR(ROUND((IF(OR(UPPER(G7)="Y"),1,0)+IF(OR(UPPER(G8)="Y"),1,0)+IF(OR(UPPER(G10)="Y"),1,0)+IF(OR(UPPER(G15)="Y"),1,0)+IF(OR(UPPER(G16)="Y"),1,0)+IF(OR(UPPER(G18)="Y"),1,0)+IF(OR(UPPER(G19)="Y"),1,0)+IF(OR(UPPER(G20)="Y"),1,0)+IF(OR(UPPER(G21)="Y"),1,0))/9*100,0),0) -> 0 | H24: =IFERROR(ROUND((IF(OR(UPPER(H7)="Y"),1,0)+IF(OR(UPPER(H8)="Y"),1,0)+IF(OR(UPPER(H10)="Y"),1,0)+IF(OR(UPPER(H15)="Y"),1,0)+IF(OR(UPPER(H16)="Y"),1,0)+IF(OR(UPPER(H18)="Y"),1,0)+IF(OR(UPPER(H19)="Y"),1,0)+IF(OR(UPPER(H20)="Y"),1,0)+IF(OR(UPPER(H21)="Y"),1,0))/9*100,0),0) -> 0 | I24: =IFERROR(ROUND((IF(OR(UPPER(I7)="Y"),1,0)+IF(OR(UPPER(I8)="Y"),1,0)+IF(OR(UPPER(I10)="Y"),1,0)+IF(OR(UPPER(I15)="Y"),1,0)+IF(OR(UPPER(I16)="Y"),1,0)+IF(OR(UPPER(I18)="Y"),1,0)+IF(OR(UPPER(I19)="Y"),1,0)+IF(OR(UPPER(I20)="Y"),1,0)+IF(OR(UPPER(I21)="Y"),1,0))/9*100,0),0) -> 0 | J24: Auto-calculated
B25: 🌙 Sleep: On Time? (≤22:30) | C25: =IFERROR(IF(LEN(C23)=0,"—",IF((HOUR(TIMEVALUE(C23))+IF(HOUR(TIMEVALUE(C23))<6,24,0))*60+MINUTE(TIMEVALUE(C23))<=22*60+30,"✓ On time","✗ Late")),"—") -> — | D25: =IFERROR(IF(LEN(D23)=0,"—",IF((HOUR(TIMEVALUE(D23))+IF(HOUR(TIMEVALUE(D23))<6,24,0))*60+MINUTE(TIMEVALUE(D23))<=22*60+30,"✓ On time","✗ Late")),"—") -> — | E25: =IFERROR(IF(LEN(E23)=0,"—",IF((HOUR(TIMEVALUE(E23))+IF(HOUR(TIMEVALUE(E23))<6,24,0))*60+MINUTE(TIMEVALUE(E23))<=22*60+30,"✓ On time","✗ Late")),"—") -> — | F25: =IFERROR(IF(LEN(F23)=0,"—",IF((HOUR(TIMEVALUE(F23))+IF(HOUR(TIMEVALUE(F23))<6,24,0))*60+MINUTE(TIMEVALUE(F23))<=22*60+30,"✓ On time","✗ Late")),"—") -> — | G25: =IFERROR(IF(LEN(G23)=0,"—",IF((HOUR(TIMEVALUE(G23))+IF(HOUR(TIMEVALUE(G23))<6,24,0))*60+MINUTE(TIMEVALUE(G23))<=22*60+30,"✓ On time","✗ Late")),"—") -> — | H25: =IFERROR(IF(LEN(H23)=0,"—",IF((HOUR(TIMEVALUE(H23))+IF(HOUR(TIMEVALUE(H23))<6,24,0))*60+MINUTE(TIMEVALUE(H23))<=22*60+30,"✓ On time","✗ Late")),"—") -> — | I25: =IFERROR(IF(LEN(I23)=0,"—",IF((HOUR(TIMEVALUE(I23))+IF(HOUR(TIMEVALUE(I23))<6,24,0))*60+MINUTE(TIMEVALUE(I23))<=22*60+30,"✓ On time","✗ Late")),"—") -> — | J25: Auto from sleep time
B26: ⏱ Mins late past 10:30 PM | C26: =IFERROR(IF(LEN(C23)=0,"",MAX(0,(HOUR(TIMEVALUE(C23))+IF(HOUR(TIMEVALUE(C23))<6,24,0))*60+MINUTE(TIMEVALUE(C23))-(22*60+30))),"") | D26: =IFERROR(IF(LEN(D23)=0,"",MAX(0,(HOUR(TIMEVALUE(D23))+IF(HOUR(TIMEVALUE(D23))<6,24,0))*60+MINUTE(TIMEVALUE(D23))-(22*60+30))),"") | E26: =IFERROR(IF(LEN(E23)=0,"",MAX(0,(HOUR(TIMEVALUE(E23))+IF(HOUR(TIMEVALUE(E23))<6,24,0))*60+MINUTE(TIMEVALUE(E23))-(22*60+30))),"") | F26: =IFERROR(IF(LEN(F23)=0,"",MAX(0,(HOUR(TIMEVALUE(F23))+IF(HOUR(TIMEVALUE(F23))<6,24,0))*60+MINUTE(TIMEVALUE(F23))-(22*60+30))),"") | G26: =IFERROR(IF(LEN(G23)=0,"",MAX(0,(HOUR(TIMEVALUE(G23))+IF(HOUR(TIMEVALUE(G23))<6,24,0))*60+MINUTE(TIMEVALUE(G23))-(22*60+30))),"") | H26: =IFERROR(IF(LEN(H23)=0,"",MAX(0,(HOUR(TIMEVALUE(H23))+IF(HOUR(TIMEVALUE(H23))<6,24,0))*60+MINUTE(TIMEVALUE(H23))-(22*60+30))),"") | I26: =IFERROR(IF(LEN(I23)=0,"",MAX(0,(HOUR(TIMEVALUE(I23))+IF(HOUR(TIMEVALUE(I23))<6,24,0))*60+MINUTE(TIMEVALUE(I23))-(22*60+30))),"") | J26: 0 = on time
B28: 📝 Instructions: ✅ Check habits → Y (yes) or N (no) | ⏰ Wake up time → HH:MM (e.g. 06:30) | 😴 Sleep time → HH:MM (e.g. 22:15 for 10:15 PM, or 00:30 for after midnight) | 💪 Push ups / Squats / Plank → enter the number

Sheet Sleep Tracker
B1: 🌙 Sleep Tracker — Daily Log & Analysis
B2: Target bedtime: 10:30 PM | Enter sleep time as HH:MM (e.g. 22:15 or 00:45 for after midnight)
B3: Date | C3: Sleep Time | D3: On Time? | E3: Mins Late | F3: Wake Time | G3: Sleep Duration | H3: Notes
B4: 46160 | D4: =IFERROR(IF(LEN(C4)=0,"—",IF((HOUR(TIMEVALUE(C4))+IF(HOUR(TIMEVALUE(C4))<6,24,0))*60+MINUTE(TIMEVALUE(C4))<=22*60+30,"✓ On time","✗ Late")),"—") -> — | E4: =IFERROR(IF(LEN(C4)=0,"",MAX(0,(HOUR(TIMEVALUE(C4))+IF(HOUR(TIMEVALUE(C4))<6,24,0))*60+MINUTE(TIMEVALUE(C4))-(22*60+30))),"—") | G4: =IFERROR(IF(OR(LEN(C4)=0,LEN(F4)=0),"—",((HOUR(TIMEVALUE(F4))+IF(HOUR(TIMEVALUE(F4))<6,24,0))*60+MINUTE(TIMEVALUE(F4))-(HOUR(TIMEVALUE(C4))+IF(HOUR(TIMEVALUE(C4))<6,24,0))*60-MINUTE(TIMEVALUE(C4)))/60),"—") -> —
B5: 46161 | D5: =IFERROR(IF(LEN(C5)=0,"—",IF((HOUR(TIMEVALUE(C5))+IF(HOUR(TIMEVALUE(C5))<6,24,0))*60+MINUTE(TIMEVALUE(C5))<=22*60+30,"✓ On time","✗ Late")),"—") -> — | E5: =IFERROR(IF(LEN(C5)=0,"",MAX(0,(HOUR(TIMEVALUE(C5))+IF(HOUR(TIMEVALUE(C5))<6,24,0))*60+MINUTE(TIMEVALUE(C5))-(22*60+30))),"—") | G5: =IFERROR(IF(OR(LEN(C5)=0,LEN(F5)=0),"—",((HOUR(TIMEVALUE(F5))+IF(HOUR(TIMEVALUE(F5))<6,24,0))*60+MINUTE(TIMEVALUE(F5))-(HOUR(TIMEVALUE(C5))+IF(HOUR(TIMEVALUE(C5))<6,24,0))*60-MINUTE(TIMEVALUE(C5)))/60),"—") -> —
B6: 46162 | D6: =IFERROR(IF(LEN(C6)=0,"—",IF((HOUR(TIMEVALUE(C6))+IF(HOUR(TIMEVALUE(C6))<6,24,0))*60+MINUTE(TIMEVALUE(C6))<=22*60+30,"✓ On time","✗ Late")),"—") -> — | E6: =IFERROR(IF(LEN(C6)=0,"",MAX(0,(HOUR(TIMEVALUE(C6))+IF(HOUR(TIMEVALUE(C6))<6,24,0))*60+MINUTE(TIMEVALUE(C6))-(22*60+30))),"—") | G6: =IFERROR(IF(OR(LEN(C6)=0,LEN(F6)=0),"—",((HOUR(TIMEVALUE(F6))+IF(HOUR(TIMEVALUE(F6))<6,24,0))*60+MINUTE(TIMEVALUE(F6))-(HOUR(TIMEVALUE(C6))+IF(HOUR(TIMEVALUE(C6))<6,24,0))*60-MINUTE(TIMEVALUE(C6)))/60),"—") -> —
B7: 46163 | D7: =IFERROR(IF(LEN(C7)=0,"—",IF((HOUR(TIMEVALUE(C7))+IF(HOUR(TIMEVALUE(C7))<6,24,0))*60+MINUTE(TIMEVALUE(C7))<=22*60+30,"✓ On time","✗ Late")),"—") -> — | E7: =IFERROR(IF(LEN(C7)=0,"",MAX(0,(HOUR(TIMEVALUE(C7))+IF(HOUR(TIMEVALUE(C7))<6,24,0))*60+MINUTE(TIMEVALUE(C7))-(22*60+30))),"—") | G7: =IFERROR(IF(OR(LEN(C7)=0,LEN(F7)=0),"—",((HOUR(TIMEVALUE(F7))+IF(HOUR(TIMEVALUE(F7))<6,24,0))*60+MINUTE(TIMEVALUE(F7))-(HOUR(TIMEVALUE(C7))+IF(HOUR(TIMEVALUE(C7))<6,24,0))*60-MINUTE(TIMEVALUE(C7)))/60),"—") -> —
B8: 46164 | D8: =IFERROR(IF(LEN(C8)=0,"—",IF((HOUR(TIMEVALUE(C8))+IF(HOUR(TIMEVALUE(C8))<6,24,0))*60+MINUTE(TIMEVALUE(C8))<=22*60+30,"✓ On time","✗ Late")),"—") -> — | E8: =IFERROR(IF(LEN(C8)=0,"",MAX(0,(HOUR(TIMEVALUE(C8))+IF(HOUR(TIMEVALUE(C8))<6,24,0))*60+MINUTE(TIMEVALUE(C8))-(22*60+30))),"—") | G8: =IFERROR(IF(OR(LEN(C8)=0,LEN(F8)=0),"—",((HOUR(TIMEVALUE(F8))+IF(HOUR(TIMEVALUE(F8))<6,24,0))*60+MINUTE(TIMEVALUE(F8))-(HOUR(TIMEVALUE(C8))+IF(HOUR(TIMEVALUE(C8))<6,24,0))*60-MINUTE(TIMEVALUE(C8)))/60),"—") -> —
B9: 46165 | D9: =IFERROR(IF(LEN(C9)=0,"—",IF((HOUR(TIMEVALUE(C9))+IF(HOUR(TIMEVALUE(C9))<6,24,0))*60+MINUTE(TIMEVALUE(C9))<=22*60+30,"✓ On time","✗ Late")),"—") -> — | E9: =IFERROR(IF(LEN(C9)=0,"",MAX(0,(HOUR(TIMEVALUE(C9))+IF(HOUR(TIMEVALUE(C9))<6,24,0))*60+MINUTE(TIMEVALUE(C9))-(22*60+30))),"—") | G9: =IFERROR(IF(OR(LEN(C9)=0,LEN(F9)=0),"—",((HOUR(TIMEVALUE(F9))+IF(HOUR(TIMEVALUE(F9))<6,24,0))*60+MINUTE(TIMEVALUE(F9))-(HOUR(TIMEVALUE(C9))+IF(HOUR(TIMEVALUE(C9))<6,24,0))*60-MINUTE(TIMEVALUE(C9)))/60),"—") -> —
B10: 46166 | D10: =IFERROR(IF(LEN(C10)=0,"—",IF((HOUR(TIMEVALUE(C10))+IF(HOUR(TIMEVALUE(C10))<6,24,0))*60+MINUTE(TIMEVALUE(C10))<=22*60+30,"✓ On time","✗ Late")),"—") -> — | E10: =IFERROR(IF(LEN(C10)=0,"",MAX(0,(HOUR(TIMEVALUE(C10))+IF(HOUR(TIMEVALUE(C10))<6,24,0))*60+MINUTE(TIMEVALUE(C10))-(22*60+30))),"—") | G10: =IFERROR(IF(OR(LEN(C10)=0,LEN(F10)=0),"—",((HOUR(TIMEVALUE(F10))+IF(HOUR(TIMEVALUE(F10))<6,24,0))*60+MINUTE(TIMEVALUE(F10))-(HOUR(TIMEVALUE(C10))+IF(HOUR(TIMEVALUE(C10))<6,24,0))*60-MINUTE(TIMEVALUE(C10)))/60),"—") -> —
B11: 46167 | D11: =IFERROR(IF(LEN(C11)=0,"—",IF((HOUR(TIMEVALUE(C11))+IF(HOUR(TIMEVALUE(C11))<6,24,0))*60+MINUTE(TIMEVALUE(C11))<=22*60+30,"✓ On time","✗ Late")),"—") -> — | E11: =IFERROR(IF(LEN(C11)=0,"",MAX(0,(HOUR(TIMEVALUE(C11))+IF(HOUR(TIMEVALUE(C11))<6,24,0))*60+MINUTE(TIMEVALUE(C11))-(22*60+30))),"—") | G11: =IFERROR(IF(OR(LEN(C11)=0,LEN(F11)=0),"—",((HOUR(TIMEVALUE(F11))+IF(HOUR(TIMEVALUE(F11))<6,24,0))*60+MINUTE(TIMEVALUE(F11))-(HOUR(TIMEVALUE(C11))+IF(HOUR(TIMEVALUE(C11))<6,24,0))*60-MINUTE(TIMEVALUE(C11)))/60),"—") -> —
B12: 46168 | D12: =IFERROR(IF(LEN(C12)=0,"—",IF((HOUR(TIMEVALUE(C12))+IF(HOUR(TIMEVALUE(C12))<6,24,0))*60+MINUTE(TIMEVALUE(C12))<=22*60+30,"✓ On time","✗ Late")),"—") -> — | E12: =IFERROR(IF(LEN(C12)=0,"",MAX(0,(HOUR(TIMEVALUE(C12))+IF(HOUR(TIMEVALUE(C12))<6,24,0))*60+MINUTE(TIMEVALUE(C12))-(22*60+30))),"—") | G12: =IFERROR(IF(OR(LEN(C12)=0,LEN(F12)=0),"—",((HOUR(TIMEVALUE(F12))+IF(HOUR(TIMEVALUE(F12))<6,24,0))*60+MINUTE(TIMEVALUE(F12))-(HOUR(TIMEVALUE(C12))+IF(HOUR(TIMEVALUE(C12))<6,24,0))*60-MINUTE(TIMEVALUE(C12)))/60),"—") -> —
B13: 46169 | D13: =IFERROR(IF(LEN(C13)=0,"—",IF((HOUR(TIMEVALUE(C13))+IF(HOUR(TIMEVALUE(C13))<6,24,0))*60+MINUTE(TIMEVALUE(C13))<=22*60+30,"✓ On time","✗ Late")),"—") -> — | E13: =IFERROR(IF(LEN(C13)=0,"",MAX(0,(HOUR(TIMEVALUE(C13))+IF(HOUR(TIMEVALUE(C13))<6,24,0))*60+MINUTE(TIMEVALUE(C13))-(22*60+30))),"—") | G13: =IFERROR(IF(OR(LEN(C13)=0,LEN(F13)=0),"—",((HOUR(TIMEVALUE(F13))+IF(HOUR(TIMEVALUE(F13))<6,24,0))*60+MINUTE(TIMEVALUE(F13))-(HOUR(TIMEVALUE(C13))+IF(HOUR(TIMEVALUE(C13))<6,24,0))*60-MINUTE(TIMEVALUE(C13)))/60),"—") -> —
B14: 46170 | D14: =IFERROR(IF(LEN(C14)=0,"—",IF((HOUR(TIMEVALUE(C14))+IF(HOUR(TIMEVALUE(C14))<6,24,0))*60+MINUTE(TIMEVALUE(C14))<=22*60+30,"✓ On time","✗ Late")),"—") -> — | E14: =IFERROR(IF(LEN(C14)=0,"",MAX(0,(HOUR(TIMEVALUE(C14))+IF(HOUR(TIMEVALUE(C14))<6,24,0))*60+MINUTE(TIMEVALUE(C14))-(22*60+30))),"—") | G14: =IFERROR(IF(OR(LEN(C14)=0,LEN(F14)=0),"—",((HOUR(TIMEVALUE(F14))+IF(HOUR(TIMEVALUE(F14))<6,24,0))*60+MINUTE(TIMEVALUE(F14))-(HOUR(TIMEVALUE(C14))+IF(HOUR(TIMEVALUE(C14))<6,24,0))*60-MINUTE(TIMEVALUE(C14)))/60),"—") -> —
B15: 46171 | D15: =IFERROR(IF(LEN(C15)=0,"—",IF((HOUR(TIMEVALUE(C15))+IF(HOUR(TIMEVALUE(C15))<6,24,0))*60+MINUTE(TIMEVALUE(C15))<=22*60+30,"✓ On time","✗ Late")),"—") -> — | E15: =IFERROR(IF(LEN(C15)=0,"",MAX(0,(HOUR(TIMEVALUE(C15))+IF(HOUR(TIMEVALUE(C15))<6,24,0))*60+MINUTE(TIMEVALUE(C15))-(22*60+30))),"—") | G15: =IFERROR(IF(OR(LEN(C15)=0,LEN(F15)=0),"—",((HOUR(TIMEVALUE(F15))+IF(HOUR(TIMEVALUE(F15))<6,24,0))*60+MINUTE(TIMEVALUE(F15))-(HOUR(TIMEVALUE(C15))+IF(HOUR(TIMEVALUE(C15))<6,24,0))*60-MINUTE(TIMEVALUE(C15)))/60),"—") -> —
... B38: 46194 | D38: =IFERROR(IF(LEN(C38)=0,"—",IF((HOUR(TIMEVALUE(C38))+IF(HOUR(TIMEVALUE(C38))<6,24,0))*60+MINUTE(TIMEVALUE(C38))<=22*60+30,"✓ On time","✗ Late")),"—") -> — | E38: =IFERROR(IF(LEN(C38)=0,"",MAX(0,(HOUR(TIMEVALUE(C38))+IF(HOUR(TIMEVALUE(C38))<6,24,0))*60+MINUTE(TIMEVALUE(C38))-(22*60+30))),"—") | G38: =IFERROR(IF(OR(LEN(C38)=0,LEN(F38)=0),"—",((HOUR(TIMEVALUE(F38))+IF(HOUR(TIMEVALUE(F38))<6,24,0))*60+MINUTE(TIMEVALUE(F38))-(HOUR(TIMEVALUE(C38))+IF(HOUR(TIMEVALUE(C38))<6,24,0))*60-MINUTE(TIMEVALUE(C38)))/60),"—") -> —
B40: 📊 Monthly Sleep Summary
B41: Days on time | C41: =COUNTIF(D4:D38,"✓ On time") -> 0
B42: Days late | C42: =COUNTIF(D4:D38,"✗ Late") -> 0
B43: Avg mins late | C43: =IFERROR(AVERAGEIF(E4:E38,">"&0,E4:E38),0) -> 0
B44: Avg sleep hrs | C44: =IFERROR(AVERAGEIF(G4:G38,"<>—",G4:G38),0) -> 0

Sheet Monthly Rollup
B1: 📅 Monthly Rollup — Habit Performance
B2: Month → | D2: May 2026
B3: Habit | C3: Week 1 % | D3: Week 2 % | E3: Week 3 % | F3: Week 4 % | G3: Week 5 % | H3: Monthly Avg | I3: Target | J3: vs Target
B4: ▸ MORNING
B5: Wake up time logged | H5: =IFERROR(AVERAGE(C5:G5),"") | I5: 85 | J5: =IFERROR(H5-I5,"")
B6: Drink lemon water | H6: =IFERROR(AVERAGE(C6:G6),"") | I6: 85 | J6: =IFERROR(H6-I6,"")
B7: Eat methi | H7: =IFERROR(AVERAGE(C7:G7),"") | I7: 85 | J7: =IFERROR(H7-I7,"")
B8: ▸ FITNESS
B9: Morning walk / workout | H9: =IFERROR(AVERAGE(C9:G9),"") | I9: 85 | J9: =IFERROR(H9-I9,"")
B10: Push ups (avg reps) | H10: =IFERROR(AVERAGE(C10:G10),"") | I10: — | J10: —
B11: Squats (avg reps) | H11: =IFERROR(AVERAGE(C11:G11),"") | I11: — | J11: —
B12: Plank (avg seconds) | H12: =IFERROR(AVERAGE(C12:G12),"") | I12: — | J12: —
B13: ▸ NUTRITION
B14: Eating nuts | H14: =IFERROR(AVERAGE(C14:G14),"") | I14: 85 | J14: =IFERROR(H14-I14,"")
B15: Drink 3L water | H15: =IFERROR(AVERAGE(C15:G15),"") | I15: 85 | J15: =IFERROR(H15-I15,"")
B16: ▸ MIND
B17: Writing | H17: =IFERROR(AVERAGE(C17:G17),"") | I17: 85 | J17: =IFERROR(H17-I17,"")
B18: Meditation / mindfulness | H18: =IFERROR(AVERAGE(C18:G18),"") | I18: 85 | J18: =IFERROR(H18-I18,"")
B19: Read 10 pages | H19: =IFERROR(AVERAGE(C19:G19),"") | I19: 85 | J19: =IFERROR(H19-I19,"")
B20: Learning / skill improvement | H20: =IFERROR(AVERAGE(C20:G20),"") | I20: 85 | J20: =IFERROR(H20-I20,"")
B21: ▸ EVENING
B22: Slept on time (% days) | H22: =IFERROR(AVERAGE(C22:G22),"") | I22: 85 | J22: =IFERROR(H22-I22,"")
B23: Avg mins late past 10:30 PM | H23: =IFERROR(AVERAGE(C23:G23),"") | I23: — | J23: —
B25: 📝 Paste each week's completion % from 'Weekly Log' into Week 1–5 columns. Monthly average and vs-target calculate automatically.
